tracts,zips
37,14215
37,14211
52.02,14214
57,14207
7,14220
56,14207
56,14216
66.02,14222
66.02,14209
6,14220
17,14210
17,14206
33.01,14208
33.02,14204
33.02,14211
36,14215
36,14211
41,14215
71.02,14202
71.02,14201
9,14220
9,14210
29,14211
66.01,14222
66.01,14213
58.01,14207
50,14207
50,14216
34,14215
34,14214
34,14211
43,14215
45,14215
45,14216
45,14214
52.01,14216
52.01,14214
63.02,14216
63.02,14222
63.02,14209
63.02,14213
67.01,14222
67.01,14201
67.01,14209
67.01,14213
163,14220
163,14210
163,14206
166,14204
166,14212
166,14211
167,14206
55,14207
55,14216
55,14222
55,14213
171,14207
171,14222
171,14213
63.01,14222
63.01,14213
65.01,14222
65.01,14213
67.02,14203
67.02,14202
67.02,14222
67.02,14201
67.02,14209
70,14202
70,14201
70,14213
5,14203
5,14202
5,14220
5,14204
5,14210
8,14220
24,14212
24,14206
24,14211
31,14203
31,14202
31,14204
31,14209
31,14211
19,14210
19,14206
58.02,14207
2,14220
2,14210
42,14215
44.02,14215
54,14207
54,14216
54,14222
54,14214
72.02,14203
72.02,14202
72.02,14201
46.01,14216
46.01,14214
69.01,14213
61,14213
164,14203
164,14204
164,14210
25.02,14203
25.02,14202
25.02,14204
25.02,14211
44.01,14215
10,14220
10,14210
51,14216
169,14222
169,14209
23,14206
53,14216
53,14222
53,14209
53,14214
30,14212
30,14206
30,14211
39.01,14215
39.01,14214
170,14215
170,14214
170,14211
59,14207
59,14213
11,14220
11,14210
11,14206
48,14216
48,14214
38,14215
38,14211
15,14204
15,14210
15,14212
15,14206
